{
  "version": 1,
  "author": "Ronaldo Urquiza",
  "editor": "wokwi",
  "parts": [
    { "type": "wokwi-breadboard-half", "id": "bb1", "top": -118.2, "left": -342.8, "attrs": {} },
    { "type": "wokwi-breadboard-half", "id": "bb2", "top": 93, "left": -342.8, "attrs": {} },
    {
      "type": "board-pi-pico-w",
      "id": "pico",
      "top": 97.15,
      "left": -241.35,
      "rotate": 90,
      "attrs": { "builder": "pico-sdk" }
    },
    {
      "type": "wokwi-resistor",
      "id": "r1",
      "top": -73.4,
      "left": -336.85,
      "rotate": 270,
      "attrs": { "value": "1000" }
    },
    {
      "type": "wokwi-led",
      "id": "led1",
      "top": -70.8,
      "left": -322.6,
      "attrs": { "color": "red" }
    },
    {
      "type": "wokwi-resistor",
      "id": "r2",
      "top": -73.4,
      "left": -298.45,
      "rotate": 270,
      "attrs": { "value": "1000" }
    },
    {
      "type": "wokwi-led",
      "id": "led2",
      "top": -70.8,
      "left": -284.2,
      "attrs": { "color": "yellow" }
    },
    {
      "type": "wokwi-resistor",
      "id": "r3",
      "top": -73.4,
      "left": -260.05,
      "rotate": 270,
      "attrs": { "value": "1000" }
    },
    {
      "type": "wokwi-led",
      "id": "led3",
      "top": -70.8,
      "left": -245.8,
      "attrs": { "color": "limegreen" }
    },
    {
      "type": "wokwi-pushbutton-6mm",
      "id": "btn1",
      "top": -27.8,
      "left": -159.2,
      "rotate": 90,
      "attrs": { "color": "green" }
    },
    {
      "type": "wokwi-buzzer",
      "id": "bz1",
      "top": -122.4,
      "left": -103.8,
      "attrs": { "volume": "0.1" }
    },
    {
      "type": "wokwi-resistor",
      "id": "r4",
      "top": -73.4,
      "left": -221.65,
      "rotate": 270,
      "attrs": { "value": "1000" }
    },
    {
      "type": "wokwi-led",
      "id": "led4",
      "top": -70.8,
      "left": -207.4,
      "attrs": { "color": "green" }
    }
  ],
  "connections": [
    [ "pico:GP0", "$serialMonitor:RX", "", [] ],
    [ "pico:GP1", "$serialMonitor:TX", "", [] ],
    [ "bb1:3t.d", "bb1:4b.f", "red", [ "v0", "h19.2" ] ],
    [ "bb1:7t.d", "bb1:8b.f", "yellow", [ "h9.6", "v38.4" ] ],
    [ "bb1:11t.d", "bb1:12b.f", "limegreen", [ "h9.6", "v38.4" ] ],
    [ "bb2:12t.a", "bb1:12b.j", "limegreen", [ "v0" ] ],
    [ "bb2:8t.a", "bb1:8b.j", "yellow", [ "v0" ] ],
    [ "bb2:4t.a", "bb1:4b.j", "red", [ "v0" ] ],
    [ "bb2:bn.25", "bb1:bn.25", "black", [ "v-1.3", "h11.2", "v-211.2" ] ],
    [ "bb1:26t.e", "bb1:26b.f", "black", [ "v0" ] ],
    [ "bb1:26b.j", "bb1:bn.21", "black", [ "v0" ] ],
    [ "bb1:bn.24", "bb1:tn.25", "black", [ "v-1.3", "h20.8", "v-172.8" ] ],
    [ "bb2:18t.a", "bb1:18b.j", "green", [ "v0" ] ],
    [ "bb1:15t.d", "bb1:16b.f", "green", [ "h9.6", "v38.4" ] ],
    [ "bb1:16b.j", "bb2:16t.a", "green", [ "v0" ] ],
    [ "bb1:27t.e", "bb1:27b.f", "red", [ "v0" ] ],
    [ "bb2:19t.a", "bb1:27b.j", "red", [ "h76.8", "v-105.6" ] ],
    [ "bb1:bn.16", "bb1:20b.j", "black", [ "h1.6", "v-39.7" ] ],
    [ "bb2:20b.j", "bb2:bn.16", "black", [ "v0" ] ],
    [ "r1:1", "bb1:2t.d", "", [ "$bb" ] ],
    [ "r1:2", "bb1:tn.1", "", [ "$bb" ] ],
    [ "led1:A", "bb1:3t.e", "", [ "$bb" ] ],
    [ "led1:C", "bb1:2t.e", "", [ "$bb" ] ],
    [ "r2:1", "bb1:6t.d", "", [ "$bb" ] ],
    [ "r2:2", "bb1:tn.5", "", [ "$bb" ] ],
    [ "led2:A", "bb1:7t.e", "", [ "$bb" ] ],
    [ "led2:C", "bb1:6t.e", "", [ "$bb" ] ],
    [ "r3:1", "bb1:10t.d", "", [ "$bb" ] ],
    [ "r3:2", "bb1:tn.8", "", [ "$bb" ] ],
    [ "led3:A", "bb1:11t.e", "", [ "$bb" ] ],
    [ "led3:C", "bb1:10t.e", "", [ "$bb" ] ],
    [ "btn1:1.l", "bb1:20t.e", "", [ "$bb" ] ],
    [ "btn1:2.l", "bb1:18t.e", "", [ "$bb" ] ],
    [ "btn1:1.r", "bb1:20b.f", "", [ "$bb" ] ],
    [ "btn1:2.r", "bb1:18b.f", "", [ "$bb" ] ],
    [ "r4:1", "bb1:14t.d", "", [ "$bb" ] ],
    [ "r4:2", "bb1:tn.11", "", [ "$bb" ] ],
    [ "led4:A", "bb1:15t.e", "", [ "$bb" ] ],
    [ "led4:C", "bb1:14t.e", "", [ "$bb" ] ],
    [ "pico:GP0", "bb2:22t.c", "", [ "$bb" ] ],
    [ "pico:GP1", "bb2:21t.c", "", [ "$bb" ] ],
    [ "pico:GND.1", "bb2:20t.c", "", [ "$bb" ] ],
    [ "pico:GP2", "bb2:19t.c", "", [ "$bb" ] ],
    [ "pico:GP3", "bb2:18t.c", "", [ "$bb" ] ],
    [ "pico:GP4", "bb2:17t.c", "", [ "$bb" ] ],
    [ "pico:GP5", "bb2:16t.c", "", [ "$bb" ] ],
    [ "pico:GND.2", "bb2:15t.c", "", [ "$bb" ] ],
    [ "pico:GP6", "bb2:14t.c", "", [ "$bb" ] ],
    [ "pico:GP7", "bb2:13t.c", "", [ "$bb" ] ],
    [ "pico:GP8", "bb2:12t.c", "", [ "$bb" ] ],
    [ "pico:GP9", "bb2:11t.c", "", [ "$bb" ] ],
    [ "pico:GND.3", "bb2:10t.c", "", [ "$bb" ] ],
    [ "pico:GP10", "bb2:9t.c", "", [ "$bb" ] ],
    [ "pico:GP11", "bb2:8t.c", "", [ "$bb" ] ],
    [ "pico:GP12", "bb2:7t.c", "", [ "$bb" ] ],
    [ "pico:GP13", "bb2:6t.c", "", [ "$bb" ] ],
    [ "pico:GND.4", "bb2:5t.c", "", [ "$bb" ] ],
    [ "pico:GP14", "bb2:4t.c", "", [ "$bb" ] ],
    [ "pico:GP15", "bb2:3t.c", "", [ "$bb" ] ],
    [ "pico:GP16", "bb2:3b.h", "", [ "$bb" ] ],
    [ "pico:GP17", "bb2:4b.h", "", [ "$bb" ] ],
    [ "pico:GND.5", "bb2:5b.h", "", [ "$bb" ] ],
    [ "pico:GP18", "bb2:6b.h", "", [ "$bb" ] ],
    [ "pico:GP19", "bb2:7b.h", "", [ "$bb" ] ],
    [ "pico:GP20", "bb2:8b.h", "", [ "$bb" ] ],
    [ "pico:GP21", "bb2:9b.h", "", [ "$bb" ] ],
    [ "pico:GND.6", "bb2:10b.h", "", [ "$bb" ] ],
    [ "pico:GP22", "bb2:11b.h", "", [ "$bb" ] ],
    [ "pico:RUN", "bb2:12b.h", "", [ "$bb" ] ],
    [ "pico:GP26", "bb2:13b.h", "", [ "$bb" ] ],
    [ "pico:GP27", "bb2:14b.h", "", [ "$bb" ] ],
    [ "pico:GND.7", "bb2:15b.h", "", [ "$bb" ] ],
    [ "pico:GP28", "bb2:16b.h", "", [ "$bb" ] ],
    [ "pico:ADC_VREF", "bb2:17b.h", "", [ "$bb" ] ],
    [ "pico:3V3", "bb2:18b.h", "", [ "$bb" ] ],
    [ "pico:3V3_EN", "bb2:19b.h", "", [ "$bb" ] ],
    [ "pico:GND.8", "bb2:20b.h", "", [ "$bb" ] ],
    [ "pico:VSYS", "bb2:21b.h", "", [ "$bb" ] ],
    [ "pico:VBUS", "bb2:22b.h", "", [ "$bb" ] ],
    [ "bz1:1", "bb1:26t.d", "", [ "$bb" ] ],
    [ "bz1:2", "bb1:27t.d", "", [ "$bb" ] ]
  ],
  "dependencies": {}
}